Country,Total Cases,New Cases,Total Deaths,New Deaths,Total Recovered,New Recovered,Active Cases,"Serious, Critical",Tot Cases/ 1M pop,Deaths/ 1M pop,Total Tests,Tests/ 1M pop ,Population,Continent,1 Case every X ppl,1 Death every X ppl,1 Test every X ppl,New Cases/1M pop,New Deaths/1M pop,Active Cases/1M pop
World,703996316,1695.0,7004688.0,8.0,674960054.0,4304.0,22031574.0,35335.0,90316.0,898.6,,,,All,,,,,,
USA,111630927,1137.0,1217093.0,8.0,109416471.0,2945.0,997363.0,1415.0,333420.0,3635,1186765074.0,3544643.0,334805269.0,North America,3.0,275.0,0.0,3,0.02,2979
India,45030467,,533499.0,,,,,,32013.0,379,935879495.0,665334.0,1406631776.0,Asia,31.0,2637.0,2.0,,,0.7
France,40138560,,167642.0,,39970918.0,,0.0,,612013.0,2556,271490188.0,4139547.0,65584518.0,Europe,2.0,391.0,0.0,,,
Germany,38823847,,182736.0,,38240600.0,,400511.0,,462830.0,2178,122332384.0,1458359.0,83883596.0,Europe,2.0,459.0,1.0,,,4775
Brazil,38452504,,709963.0,,36249161.0,,1493380.0,,178555.0,3297,63776166.0,296146.0,215353593.0,South America,6.0,303.0,3.0,,,6935
S. Korea,34571873,,35934.0,,34535939.0,,0.0,,673523.0,700,15804065.0,307892.0,51329899.0,Asia,1.0,1428.0,3.0,,,
Japan,33803572,,74694.0,,,,,,269169.0,595,100414883.0,799578.0,125584838.0,Asia,4.0,1681.0,1.0,,,95582
Italy,26719511,,196348.0,,26351971.0,,171192.0,45.0,443383.0,3258,280517410.0,4654904.0,60262770.0,Europe,2.0,307.0,0.0,,,2841
UK,24902971,,232112.0,,24670859.0,,0.0,,363558.0,3389,522526476.0,7628357.0,68497907.0,Europe,3.0,295.0,0.0,,,
Russia,24009604,,402399.0,,23424670.0,,182535.0,,164668.0,2760,273400000.0,1875095.0,145805947.0,Europe,6.0,362.0,1.0,,,1252
Turkey,17232066,,102174.0,,,,,,201399.0,1194,162743369.0,1902052.0,85561976.0,Asia,5.0,837.0,1.0,,,4024
Spain,13914811,,121760.0,,13762417.0,,30634.0,231.0,297840.0,2606,471036328.0,10082298.0,46719142.0,Europe,3.0,384.0,0.0,,,656
Australia,11829858,537.0,24292.0,,11796114.0,,9452.0,12.0,453794.0,932,81916639.0,3142326.0,26068792.0,Australia/Oceania,2.0,1073.0,0.0,21,,363
Vietnam,11625195,,43206.0,,10640971.0,,941018.0,,117481.0,437,85826548.0,867342.0,98953541.0,Asia,9.0,2290.0,1.0,,,9510
Taiwan,10241523,,19005.0,,10222518.0,,0.0,,428720.0,796,30742304.0,1286903.0,23888595.0,Asia,2.0,1257.0,1.0,,,
Argentina,10094643,,130733.0,,9963910.0,,0.0,,219400.0,2841,35716069.0,776264.0,46010234.0,South America,5.0,352.0,1.0,,,
Netherlands,8634822,,22992.0,,8611480.0,,350.0,,501691.0,1336,25984435.0,1509718.0,17211447.0,Europe,2.0,749.0,1.0,,,20
Mexico,7702809,,334958.0,,6899865.0,,467986.0,,58549.0,2546,20013810.0,152124.0,131562772.0,North America,17.0,393.0,7.0,,,3557
Iran,7626527,,146799.0,,,,,,88657.0,1707,57320267.0,666338.0,86022837.0,Asia,11.0,586.0,2.0,,,1191
Indonesia,6829087,,162062.0,,6647104.0,,19921.0,,24465.0,581,114158919.0,408975.0,279134505.0,Asia,41.0,1722.0,2.0,,,71
Poland,6661018,7.0,120581.0,,,,,,176499.0,3195,39295583.0,1041224.0,37739785.0,Europe,6.0,313.0,1.0,0.2,,31916
Colombia,6400173,,143200.0,,6212152.0,,44821.0,342.0,124244.0,2780,36951507.0,717327.0,51512762.0,South America,8.0,360.0,1.0,,,870
Greece,6101379,,37869.0,,,,,,591412.0,3671,102228365.0,9909078.0,10316637.0,Europe,2.0,272.0,0.0,,,
Austria,6081287,,22542.0,,6054934.0,,3811.0,,670727.0,2486,211273524.0,23302116.0,9066710.0,Europe,1.0,402.0,0.0,,,420
Portugal,5642449,,28103.0,,5614102.0,,244.0,61.0,556423.0,2771,46139518.0,4549993.0,10140570.0,Europe,2.0,361.0,0.0,,,24
Ukraine,5557995,,112418.0,,5445577.0,,0.0,,128681.0,2603,32603805.0,754855.0,43192122.0,Europe,8.0,384.0,1.0,,,
Chile,5369761,,64497.0,,5252450.0,,52814.0,7.0,278946.0,3350,50382097.0,2617225.0,19250195.0,South America,4.0,298.0,0.0,,,2744
Malaysia,5276312,,37348.0,,5230953.0,,8011.0,11.0,159016.0,1126,68580916.0,2066869.0,33181072.0,Asia,6.0,888.0,0.0,,,241
Canada,4936603,,58560.0,,4865323.0,645.0,12720.0,99.0,128596.0,1525,66572774.0,1734189.0,38388419.0,North America,8.0,656.0,1.0,,,331
Belgium,4859804,,34376.0,,4823758.0,150.0,1670.0,,416497.0,2946,37454182.0,3209915.0,11668278.0,Europe,2.0,339.0,0.0,,,143
Israel,4841772,,12707.0,,4798473.0,,30592.0,,519169.0,1363,41373364.0,4436346.0,9326000.0,Asia,2.0,734.0,0.0,,,3280
DPRK,4772813,,74.0,,4772739.0,,0.0,,183636.0,3,,,25990679.0,Asia,5.0,351225.0,,,,
Thailand,4767700,,34569.0,,4692636.0,,40495.0,,68034.0,493,17273454.0,246488.0,70078203.0,Asia,15.0,2027.0,4.0,,,578
Czechia,4758761,,43510.0,,4714618.0,,633.0,2.0,443220.0,4052,57814864.0,5384747.0,10736784.0,Europe,2.0,247.0,0.0,,,59
Peru,4572667,,222161.0,,4350506.0,,0.0,4.0,135751.0,6595,39010194.0,1158115.0,33684208.0,South America,7.0,152.0,1.0,,,
Switzerland,4451785,,14452.0,,4436934.0,,399.0,,507405.0,1647,23833472.0,2716487.0,8773637.0,Europe,2.0,607.0,0.0,,,45
Philippines,4140383,,66864.0,,4067381.0,,6138.0,,36800.0,594,36102746.0,320888.0,112508994.0,Asia,27.0,1683.0,3.0,,,55
South Africa,4076463,,102595.0,,3912506.0,,61362.0,192.0,67095.0,1689,26795090.0,441027.0,60756135.0,Africa,15.0,592.0,2.0,,,1010
Romania,3527677,,68903.0,,3457170.0,,1604.0,42.0,185362.0,3621,28677918.0,1506879.0,19031335.0,Europe,5.0,276.0,1.0,,,84
Denmark,3183756,,8814.0,,3174942.0,,0.0,,545636.0,1511,129333107.0,22165247.0,5834950.0,Europe,2.0,662.0,0.0,,,
Singapore,3006155,,2024.0,,3004131.0,,0.0,4.0,505785.0,341,24756666.0,4165302.0,5943546.0,Asia,2.0,2937.0,0.0,,,
Hong Kong,2932172,,14681.0,,2912611.0,419.0,4880.0,,385594.0,1931,76127725.0,10011143.0,7604299.0,Asia,3.0,518.0,0.0,,,642
Sweden,2753556,,27354.0,,2725674.0,46.0,528.0,,269455.0,2677,19500873.0,1908301.0,10218971.0,Europe,4.0,374.0,1.0,,,52
Serbia,2614548,,18057.0,,2595987.0,,504.0,,302155.0,2087,13440321.0,1553253.0,8653016.0,Europe,3.0,479.0,1.0,,,58
New Zealand,2604202,,5594.0,,2594775.0,,3833.0,,531665.0,1142,7768604.0,1586011.0,4898203.0,Australia/Oceania,2.0,876.0,1.0,,,783
Iraq,2465545,,25375.0,,2439497.0,,673.0,,58474.0,602,19544451.0,463523.0,42164965.0,Asia,17.0,1662.0,2.0,,,16
Hungary,2229987,,49040.0,,2152155.0,,28792.0,,232139.0,5105,11394556.0,1186160.0,9606259.0,Europe,4.0,196.0,1.0,,,2997
Bangladesh,2048186,,29488.0,,,,,,12200.0,176,15254399.0,90862.0,167885689.0,Asia,82.0,5693.0,11.0,,,-175.64
Slovakia,1877383,,21221.0,,1856162.0,,0.0,23.0,343831.0,3886,7448789.0,1364199.0,5460193.0,Europe,3.0,257.0,1.0,,,
Georgia,1855289,,17132.0,,,,,,467476.0,4317,16920079.0,4263340.0,3968738.0,Asia,2.0,232.0,0.0,,,15524
Jordan,1746997,,14122.0,,1731007.0,,1868.0,59.0,169597.0,1371,17201885.0,1669945.0,10300869.0,Asia,6.0,729.0,1.0,,,181
Ireland,1733755,,9481.0,,1723629.0,,645.0,19.0,345356.0,1889,13083449.0,2606161.0,5020199.0,Europe,3.0,530.0,0.0,,,128
Pakistan,1581936,,30664.0,,1538689.0,,12583.0,,6893.0,134,30589153.0,133292.0,229488994.0,Asia,145.0,7484.0,8.0,,,55
Finland,1515707,,11949.0,,1503280.0,23.0,478.0,,272857.0,2151,12108977.0,2179850.0,5554960.0,Europe,4.0,465.0,0.0,,,86
Norway,1509732,,6638.0,,1503094.0,,0.0,,273930.0,1204,11002430.0,1996315.0,5511370.0,Europe,4.0,830.0,1.0,,,
Kazakhstan,1411831,,13848.0,,1383020.0,,14963.0,24.0,73514.0,721,11575012.0,602707.0,19205043.0,Asia,14.0,1387.0,2.0,,,779
Lithuania,1396895,7.0,9897.0,,1385991.0,28.0,1007.0,,524812.0,3718,10540357.0,3959997.0,2661708.0,Europe,2.0,269.0,0.0,3,,378
Slovenia,1356482,5.0,7100.0,,1349377.0,48.0,5.0,,652772.0,3417,2847701.0,1370382.0,2078034.0,Europe,2.0,293.0,1.0,2,,2
Bulgaria,1339576,2.0,38738.0,,1292668.0,,8170.0,35.0,195713.0,5660,11643356.0,1701102.0,6844597.0,Europe,5.0,177.0,1.0,0.3,,1194
Croatia,1309728,,18687.0,,1258432.0,,32609.0,,322650.0,4604,5660084.0,1394355.0,4059286.0,Europe,3.0,217.0,1.0,,,8033
Guatemala,1288588,,20285.0,,1265533.0,,2770.0,5.0,69338.0,1092,7593848.0,408622.0,18584039.0,North America,14.0,916.0,2.0,,,149
Morocco,1278944,,16301.0,,,,,,33859.0,432,13001033.0,344191.0,37772756.0,Africa,30.0,2317.0,3.0,,,172
Lebanon,1243838,,10952.0,,1087587.0,,145299.0,74.0,186068.0,1638,4795578.0,717380.0,6684849.0,Asia,5.0,610.0,1.0,,,21736
Costa Rica,1238883,,9428.0,,,,,,239058.0,1819,4659757.0,899158.0,5182354.0,North America,4.0,550.0,1.0,,,71154
Bolivia,1211716,,22407.0,,1177145.0,,12164.0,220.0,101038.0,1868,2710261.0,225993.0,11992656.0,South America,10.0,535.0,4.0,,,1014
Tunisia,1153361,,29423.0,,,,,,95741.0,2442,5013383.0,416164.0,12046656.0,Africa,10.0,409.0,2.0,,,1157
Cuba,1115243,,8530.0,,1106647.0,,66.0,,98645.0,754,14401151.0,1273801.0,11305652.0,North America,10.0,1325.0,1.0,,,6
Ecuador,1070188,,36043.0,,1034145.0,,0.0,,59083.0,1990,3082403.0,170173.0,18113361.0,South America,17.0,503.0,6.0,,,
UAE,1067030,,2349.0,,,,,,105837.0,233,200732262.0,19910389.0,10081785.0,Asia,9.0,4292.0,0.0,,,1007
Panama,1059893,,8727.0,,1051102.0,,64.0,16.0,238341.0,1962,7882622.0,1772585.0,4446964.0,North America,4.0,510.0,1.0,,,14
Uruguay,1041111,,7664.0,,1030944.0,,2503.0,18.0,297799.0,2192,6114822.0,1749083.0,3496016.0,South America,3.0,456.0,1.0,,,716
Mongolia,1011459,,2284.0,,1009175.0,,0.0,,299418.0,676,4030048.0,1193000.0,3378078.0,Asia,3.0,1479.0,1.0,,,
Nepal,1003450,,12031.0,,991322.0,,97.0,,33199.0,398,6047766.0,200088.0,30225582.0,Asia,30.0,2512.0,5.0,,,3
Belarus,994037,,7118.0,,985592.0,,1327.0,,105381.0,755,13646641.0,1446722.0,9432800.0,Europe,9.0,1325.0,1.0,,,141
Latvia,982320,,6694.0,,971406.0,,4220.0,,531318.0,3621,7885792.0,4265272.0,1848837.0,Europe,2.0,276.0,0.0,,,2283
Saudi Arabia,841469,,9646.0,,,,,,23475.0,269,45481735.0,1268848.0,35844909.0,Asia,43.0,3716.0,1.0,,,109
Paraguay,837602,,20155.0,,,,,,114648.0,2759,2657506.0,363751.0,7305843.0,South America,9.0,362.0,3.0,,,16306
Azerbaijan,834649,,10400.0,,824089.0,,160.0,,81032.0,1010,7748050.0,752223.0,10300205.0,Asia,12.0,990.0,1.0,,,16
Bahrain,729549,,1574.0,,727915.0,,60.0,,408944.0,882,10948549.0,6137138.0,1783983.0,Asia,2.0,1133.0,0.0,,,34
Cyprus,681110,,1365.0,,679745.0,,0.0,,556741.0,1116,9640118.0,7879860.0,1223387.0,Asia,2.0,896.0,0.0,,,
Dominican Republic,675890,,4384.0,,671316.0,,190.0,4.0,61131.0,397,3740928.0,338350.0,11056370.0,North America,16.0,2522.0,3.0,,,17
Sri Lanka,672750,,16897.0,,655852.0,,1.0,,31181.0,783,6486117.0,300619.0,21575842.0,Asia,32.0,1277.0,3.0,,,0.05
Kuwait,667094,,2570.0,,,,,,152293.0,587,8455743.0,1930391.0,4380326.0,Asia,7.0,1704.0,1.0,,,979
Myanmar,641801,,19495.0,,620159.0,,2147.0,,11621.0,353,11672345.0,211352.0,55227143.0,Asia,86.0,2833.0,5.0,,,39
Moldova,634508,,12206.0,,,,,,158106.0,3041,3216305.0,801437.0,4013171.0,Europe,6.0,329.0,1.0,,,29443
Estonia,627875,,3001.0,,,,,,474976.0,2270,6949502.0,5257167.0,1321910.0,Europe,2.0,440.0,0.0,,,75560
Palestine,621008,,5404.0,,615445.0,,159.0,,116173.0,1011,3078533.0,575907.0,5345541.0,Asia,9.0,989.0,2.0,,,30
Venezuela,552695,,5856.0,,546537.0,,302.0,31.0,18885.0,200,3359014.0,114771.0,29266991.0,South America,53.0,4998.0,9.0,,,10
Egypt,516023,,24613.0,,442182.0,,49228.0,122.0,4861.0,232,3693367.0,34792.0,106156692.0,Africa,206.0,4313.0,29.0,,,464
Qatar,514524,,690.0,,513687.0,,147.0,16.0,172664.0,232,4065369.0,1364257.0,2979915.0,Asia,6.0,4319.0,1.0,,,49
Libya,507274,,6437.0,,500835.0,,2.0,,72048.0,914,2483848.0,352782.0,7040745.0,Africa,14.0,1094.0,3.0,,,0.3
Ethiopia,501117,,7574.0,,488171.0,,5372.0,,4148.0,63,5565340.0,46066.0,120812698.0,Africa,241.0,15951.0,22.0,,,44
Réunion,494595,,921.0,,,,,,544672.0,1014,1603660.0,1766027.0,908061.0,Africa,2.0,986.0,1.0,,,82706
Honduras,474590,,11165.0,,,,,,46432.0,1092,1660662.0,162472.0,10221247.0,North America,22.0,915.0,6.0,,,32372
Armenia,451426,,8776.0,,435162.0,,7488.0,,151895.0,2953,3242901.0,1091164.0,2971966.0,Asia,7.0,339.0,1.0,,,2520
Bosnia and Herzegovina,403585,,16385.0,,379084.0,,8116.0,,124206.0,5043,1884721.0,580036.0,3249317.0,Europe,8.0,198.0,2.0,,,2498
Oman,399449,,4628.0,,,,,,75028.0,869,25000000.0,4695724.0,5323993.0,Asia,13.0,1150.0,0.0,,,1907
Luxembourg,391117,,1232.0,,,,,,608865.0,1918,4587145.0,7140959.0,642371.0,Europe,2.0,521.0,0.0,,,113945
North Macedonia,350520,,9971.0,,337068.0,,3481.0,,168414.0,4791,2226216.0,1069626.0,2081304.0,Europe,6.0,209.0,1.0,,,1673
Zambia,349304,,4069.0,,341316.0,,3919.0,,17940.0,209,4112961.0,211244.0,19470234.0,Africa,56.0,4785.0,5.0,,,201
Kenya,344130,,5689.0,,337309.0,,1132.0,,6122.0,101,3967062.0,70569.0,56215221.0,Africa,163.0,9881.0,14.0,,,20
Brunei,343075,,225.0,,243601.0,,99249.0,3.0,770209.0,505,717784.0,1611437.0,445431.0,Asia,1.0,1980.0,1.0,,,222816
Albania,334863,,3605.0,,330233.0,,1025.0,,116825.0,1258,1941032.0,677173.0,2866374.0,Europe,9.0,795.0,1.0,,,358
Botswana,330442,,2801.0,,327049.0,,592.0,1.0,135363.0,1147,2026898.0,830300.0,2441162.0,Africa,7.0,872.0,1.0,,,243
Montenegro,296501,,2846.0,,291794.0,,1861.0,,472173.0,4532,2769281.0,4410034.0,627950.0,Europe,2.0,221.0,0.0,,,2964
Algeria,272010,,6881.0,,183061.0,,82068.0,,5998.0,152,230960.0,5093.0,45350148.0,Africa,167.0,6591.0,196.0,,,1810
Nigeria,267188,,3155.0,,259953.0,,4080.0,11.0,1233.0,15,5708974.0,26339.0,216746934.0,Africa,811.0,68700.0,38.0,,,19
Zimbabwe,266328,,5737.0,,258888.0,,1703.0,12.0,17371.0,374,2525756.0,164744.0,15331428.0,Africa,58.0,2672.0,6.0,,,111
Uzbekistan,253662,,1637.0,,241486.0,,10539.0,23.0,7378.0,48,1377915.0,40077.0,34382084.0,Asia,136.0,21003.0,25.0,,,307
Mozambique,233731,,2250.0,,228805.0,,2676.0,11.0,7064.0,68,1371127.0,41437.0,33089461.0,Africa,142.0,14706.0,24.0,,,81
Afghanistan,232031,,7985.0,,210085.0,,13961.0,,5693.0,196,1364874.0,33490.0,40754388.0,Asia,176.0,5104.0,30.0,,,343
Martinique,230354,,1102.0,,,,,,615777.0,2946,828928.0,2215870.0,374087.0,North America,2.0,339.0,0.0,,,612553
Laos,218951,,758.0,,,,,,29268.0,101,1233207.0,164845.0,7481023.0,Asia,34.0,9869.0,6.0,,,28142
Iceland,209889,,229.0,,,,,,607682.0,663,1996384.0,5780036.0,345393.0,Europe,2.0,1508.0,0.0,,,387891
Kyrgyzstan,206897,,2991.0,,196406.0,,7500.0,131.0,30750.0,445,1907195.0,283460.0,6728271.0,Asia,33.0,2250.0,4.0,,,1115
Guadeloupe,203235,,1021.0,,,,,,508349.0,2554,938039.0,2346306.0,399794.0,North America,2.0,392.0,0.0,,,500168
El Salvador,201855,,4230.0,,179410.0,,18215.0,,30816.0,646,2610114.0,398467.0,6550389.0,North America,32.0,1549.0,3.0,,,2781
Trinidad and Tobago,191496,,4390.0,,187078.0,,28.0,,136143.0,3121,913289.0,649295.0,1406585.0,North America,7.0,320.0,2.0,,,20
Maldives,186694,,316.0,,163687.0,,22691.0,25.0,345100.0,584,2213831.0,4092223.0,540985.0,Asia,3.0,1712.0,0.0,,,41944
Namibia,172280,,4103.0,,167099.0,,1078.0,,65409.0,1558,1062663.0,403460.0,2633874.0,Africa,15.0,642.0,2.0,,,409
Uganda,171983,,3632.0,,100431.0,,67920.0,,3551.0,75,3012408.0,62198.0,48432863.0,Africa,282.0,13335.0,16.0,,,1402
Ghana,171889,,1462.0,,170425.0,,2.0,,5306.0,45,2541625.0,78456.0,32395450.0,Africa,188.0,22158.0,13.0,,,0.06
Jamaica,156857,,3748.0,,,,,,52547.0,1256,1183986.0,396633.0,2985094.0,North America,19.0,796.0,3.0,,,16711
Cambodia,139096,,3056.0,,136039.0,,1.0,,8102.0,178,3091420.0,180062.0,17168639.0,Asia,123.0,5618.0,6.0,,,0.06
Rwanda,133518,,1468.0,,132039.0,,11.0,,9817.0,108,6021981.0,442778.0,13600464.0,Africa,102.0,9265.0,2.0,,,0.8
Cameroon,125379,,1974.0,,123280.0,,125.0,,4492.0,71,1751774.0,62762.0,27911548.0,Africa,223.0,14140.0,16.0,,,4
Malta,121410,,885.0,,120133.0,,392.0,,273426.0,1993,2168789.0,4884297.0,444033.0,Europe,4.0,502.0,0.0,,,883
Barbados,110575,,648.0,,108647.0,,1280.0,,383910.0,2250,814159.0,2826715.0,288023.0,North America,3.0,444.0,0.0,,,4444
Angola,107323,,1937.0,,103419.0,,1967.0,,3064.0,55,1499795.0,42818.0,35027343.0,Africa,326.0,18083.0,23.0,,,56
Channel Islands,101717,,228.0,,101321.0,,168.0,,576421.0,1292,1252808.0,7099551.0,176463.0,Europe,2.0,774.0,0.0,,,952
DRC,99338,,1468.0,,84489.0,,13381.0,,1043.0,15,846704.0,8890.0,95240792.0,Africa,959.0,64878.0,112.0,,,140
French Guiana,98041,,420.0,,11254.0,,86367.0,6.0,312065.0,1337,651257.0,2072951.0,314169.0,South America,3.0,748.0,0.0,,,274906
Malawi,89535,,2686.0,,,,,,4437.0,133,624784.0,30959.0,20180839.0,Africa,225.0,7513.0,32.0,,,16
Senegal,89053,,1971.0,,87024.0,,58.0,,5044.0,112,1146543.0,64946.0,17653671.0,Africa,198.0,8957.0,15.0,,,3
Ivory Coast,88384,,835.0,,87497.0,,52.0,,3186.0,30,1690934.0,60951.0,27742298.0,Africa,314.0,33224.0,16.0,,,2
Suriname,82588,,1408.0,,,,,,138378.0,2359,242207.0,405822.0,596831.0,South America,7.0,424.0,2.0,,,52623
New Caledonia,80064,,314.0,,,,,,275214.0,1079,98964.0,340182.0,290915.0,Australia/Oceania,4.0,926.0,3.0,,,498
French Polynesia,79254,,650.0,,,,,,278902.0,2287,,,284164.0,Australia/Oceania,4.0,437.0,,,,158725
Eswatini,75191,,1427.0,,73116.0,,648.0,,63462.0,1204,1048704.0,885119.0,1184817.0,Africa,16.0,830.0,1.0,,,547
Guyana,74137,,1300.0,,72013.0,,824.0,,93366.0,1637,733218.0,923396.0,794045.0,South America,11.0,611.0,1.0,,,1038
Belize,71381,,688.0,,,,,,173175.0,1669,576016.0,1397453.0,412190.0,North America,6.0,599.0,1.0,,,1475
Fiji,69117,,885.0,,67226.0,,1006.0,,75997.0,973,672883.0,739866.0,909466.0,Australia/Oceania,13.0,1028.0,1.0,,,1106
Madagascar,68486,,1426.0,,66862.0,,198.0,,2347.0,49,531329.0,18210.0,29178077.0,Africa,426.0,20461.0,55.0,,,7
Cabo Verde,64477,,417.0,,63755.0,,305.0,23.0,113580.0,735,401622.0,707482.0,567678.0,Africa,9.0,1361.0,1.0,,,537
Sudan,63993,,5046.0,,58947.0,,0.0,,1391.0,110,562941.0,12240.0,45992020.0,Africa,719.0,9115.0,82.0,,,
Mauritania,63839,,997.0,,62471.0,,371.0,,13023.0,203,1009957.0,206030.0,4901981.0,Africa,77.0,4917.0,5.0,,,76
Bhutan,62697,,21.0,,61564.0,,1112.0,,79571.0,27,2303734.0,2923739.0,787941.0,Asia,13.0,37521.0,0.0,,,1411
Syria,57743,,3165.0,,54578.0,,0.0,,2982.0,163,146269.0,7553.0,19364809.0,Asia,335.0,6118.0,132.0,,,
Burundi,54721,,38.0,,53569.0,,1114.0,,4334.0,3,345742.0,27386.0,12624840.0,Africa,231.0,332233.0,37.0,,,88
Seychelles,51220,,172.0,,51048.0,,0.0,,515157.0,1730,,,99426.0,Africa,2.0,578.0,,,,
Gabon,49051,,307.0,,48674.0,,70.0,,21038.0,132,1621909.0,695641.0,2331533.0,Africa,48.0,7595.0,1.0,,,30
Andorra,48015,,165.0,,,,,,619844.0,2130,249838.0,3225256.0,77463.0,Europe,2.0,469.0,0.0,,,3705
Papua New Guinea,46864,,670.0,,46168.0,,26.0,,5043.0,72,249149.0,26813.0,9292169.0,Australia/Oceania,198.0,13869.0,37.0,,,3
Curaçao,45986,,295.0,,44720.0,,971.0,3.0,277812.0,1782,496693.0,3000640.0,165529.0,North America,4.0,561.0,0.0,,,5866
Aruba,44224,,292.0,,42438.0,,1494.0,2.0,410969.0,2714,177885.0,1653068.0,107609.0,North America,2.0,369.0,1.0,,,13884
Tanzania,43223,,846.0,,,,,,683.0,13,,,63298550.0,Africa,1464.0,74821.0,,,,667
Mauritius,43025,,1051.0,,41278.0,,696.0,,33752.0,824,358675.0,281374.0,1274727.0,Africa,30.0,1213.0,4.0,,,546
Mayotte,42027,,188.0,,,,,,146815.0,657,176919.0,618038.0,286259.0,Africa,7.0,1523.0,2.0,,,135804
Togo,39569,,290.0,,39277.0,,2.0,,4558.0,33,815088.0,93895.0,8680837.0,Africa,219.0,29934.0,11.0,,,0.2
Guinea,38572,,468.0,,37757.0,,347.0,,2782.0,34,660107.0,47607.0,13865691.0,Africa,359.0,29628.0,21.0,,,25
Bahamas,38084,,844.0,,36366.0,,874.0,1.0,95087.0,2107,257839.0,643767.0,400516.0,North America,11.0,475.0,2.0,,,2182
Isle of Man,38008,,116.0,,,,,,443335.0,1353,150753.0,1758422.0,85732.0,Europe,2.0,739.0,1.0,,,129450
Lesotho,36138,,723.0,,25980.0,,9435.0,,16610.0,332,431221.0,198199.0,2175699.0,Africa,60.0,3009.0,5.0,,,4337
Haiti,34667,,860.0,,33734.0,,73.0,,2968.0,74,132422.0,11337.0,11680283.0,North America,337.0,13582.0,88.0,,,6
Faeroe Islands,34658,,28.0,,,,,,703959.0,569,778000.0,15802409.0,49233.0,Europe,1.0,1758.0,0.0,,,547133
Mali,33164,,743.0,,32332.0,,89.0,,1544.0,35,804909.0,37483.0,21473764.0,Africa,648.0,28901.0,27.0,,,4
Cayman Islands,31472,,37.0,,8553.0,,22882.0,1.0,467797.0,550,222773.0,3311280.0,67277.0,North America,2.0,1818.0,0.0,,,340116
Saint Lucia,30215,,410.0,,29805.0,,0.0,,163225.0,2215,210983.0,1139752.0,185113.0,North America,6.0,451.0,1.0,,,
Benin,28036,,163.0,,27847.0,,26.0,,2193.0,13,604310.0,47268.0,12784726.0,Africa,456.0,78434.0,21.0,,,2
Somalia,27334,,1361.0,,13182.0,,12791.0,,1623.0,81,400466.0,23778.0,16841795.0,Africa,616.0,12375.0,42.0,,,759
Micronesia,26547,,65.0,,,,,,225953.0,553,82430.0,701598.0,117489.0,Australia/Oceania,4.0,1808.0,1.0,,,162271
San Marino,26185,,128.0,,26011.0,,46.0,,768226.0,3755,196855.0,5775414.0,34085.0,Europe,1.0,266.0,0.0,,,1350
Solomon Islands,25954,,199.0,,,,,,35989.0,276,,,721159.0,Australia/Oceania,28.0,3624.0,,,,13032
Congo,25375,,386.0,,24006.0,,983.0,,4377.0,67,347815.0,59991.0,5797805.0,Africa,228.0,15020.0,17.0,,,170
Macao,24983,,123.0,,3487.0,,21373.0,,37428.0,184,7850.0,11760.0,667490.0,Asia,27.0,5427.0,85.0,,,32020
Timor-Leste,23460,,138.0,,23102.0,,220.0,,17131.0,101,278529.0,203391.0,1369429.0,Asia,58.0,9923.0,5.0,,,161
Burkina Faso,22109,,400.0,,21596.0,,113.0,,1000.0,18,248995.0,11265.0,22102838.0,Africa,1000.0,55257.0,89.0,,,5
Liechtenstein,21573,,94.0,,,,,,561987.0,2449,112457.0,2929559.0,38387.0,Europe,2.0,408.0,0.0,,,3308
Gibraltar,20550,,113.0,,,,,,609720.0,3353,534283.0,15852213.0,33704.0,Europe,2.0,298.0,0.0,,,114467
Grenada,19693,,238.0,,19358.0,,97.0,4.0,173545.0,2097,182981.0,1612523.0,113475.0,North America,6.0,477.0,1.0,,,855
Bermuda,18860,,165.0,,18685.0,,10.0,,304493.0,2664,1029558.0,16622128.0,61939.0,North America,3.0,375.0,0.0,,,161
South Sudan,18819,,147.0,,18115.0,,557.0,1.0,1620.0,13,410280.0,35313.0,11618511.0,Africa,617.0,79037.0,28.0,,,48
Nicaragua,18491,,225.0,,4225.0,,14041.0,,2728.0,33,,,6779100.0,North America,367.0,30129.0,,,,2071
Tajikistan,17786,,125.0,,17264.0,,397.0,,1786.0,13,,,9957464.0,Asia,560.0,79660.0,,,,40
Equatorial Guinea,17229,,183.0,,16907.0,,139.0,5.0,11512.0,122,365697.0,244342.0,1496662.0,Africa,87.0,8178.0,4.0,,,93
Monaco,17181,,67.0,,,,,,431868.0,1684,78646.0,1976875.0,39783.0,Europe,2.0,594.0,1.0,,,28203
Samoa,17006,,31.0,,1605.0,,15370.0,,84089.0,153,187397.0,926612.0,202239.0,Australia/Oceania,12.0,6524.0,1.0,,,75999
Tonga,16950,,13.0,,15638.0,,1299.0,,157310.0,121,535009.0,4965327.0,107749.0,Australia/Oceania,6.0,8288.0,0.0,,,12056
Marshall Islands,16138,,17.0,,16121.0,,0.0,,268711.0,283,,,60057.0,Australia/Oceania,4.0,3533.0,,,,
Dominica,16038,,74.0,,15964.0,,0.0,,221691.0,1023,229344.0,3170187.0,72344.0,North America,5.0,978.0,0.0,,,
Djibouti,15690,,189.0,,15427.0,,74.0,,15441.0,186,305941.0,301094.0,1016097.0,Africa,65.0,5376.0,3.0,,,73
CAR,15440,,113.0,,15200.0,,127.0,2.0,3078.0,23,81294.0,16205.0,5016678.0,Africa,325.0,44395.0,62.0,,,25
Gambia,12626,,372.0,,12189.0,,65.0,,4935.0,145,155686.0,60851.0,2558482.0,Africa,203.0,6878.0,16.0,,,25
Saint Martin,12324,,63.0,,,,,,310194.0,1586,112382.0,2828643.0,39730.0,North America,3.0,631.0,0.0,,,273395
Vanuatu,12019,,14.0,,11976.0,,29.0,,37346.0,44,24976.0,77606.0,321832.0,Australia/Oceania,27.0,22988.0,13.0,,,90
Greenland,11971,,21.0,,2761.0,,9189.0,4.0,210117.0,369,164926.0,2894810.0,56973.0,North America,5.0,2713.0,0.0,,,161287
Yemen,11945,,2159.0,,9124.0,,662.0,,383.0,69,329592.0,10579.0,31154867.0,Asia,2608.0,14430.0,95.0,,,21
Caribbean Netherlands,11682,,38.0,,10476.0,,1168.0,,438398.0,1426,30126.0,1130559.0,26647.0,North America,2.0,701.0,1.0,,,43832
Sint Maarten,11051,,92.0,,10905.0,,54.0,,251353.0,2093,62056.0,1411454.0,43966.0,North America,4.0,478.0,1.0,,,1228
Eritrea,10189,,103.0,,10086.0,,0.0,,2782.0,28,23693.0,6470.0,3662244.0,Africa,359.0,35556.0,155.0,,,
Niger,9931,,312.0,,8890.0,,729.0,1.0,381.0,12,254538.0,9759.0,26083660.0,Africa,2626.0,83601.0,102.0,,,28
St. Vincent Grenadines,9674,,124.0,,9493.0,,57.0,,86723.0,1112,114197.0,1023720.0,111551.0,North America,12.0,900.0,1.0,,,511
Guinea-Bissau,9614,,177.0,,8929.0,,508.0,6.0,4659.0,86,145231.0,70385.0,2063367.0,Africa,215.0,11657.0,14.0,,,246
Comoros,9109,,161.0,,8939.0,,9.0,,10038.0,177,,,907419.0,Africa,100.0,5636.0,,,,10
Antigua and Barbuda,9106,,146.0,,8954.0,,6.0,,91509.0,1467,18901.0,189943.0,99509.0,North America,11.0,682.0,5.0,,,60
Liberia,8090,,295.0,,7783.0,,12.0,2.0,1525.0,56,139824.0,26356.0,5305117.0,Africa,656.0,17983.0,38.0,,,2
Sierra Leone,7779,,126.0,,,,,,937.0,15,259958.0,31296.0,8306436.0,Africa,1068.0,65924.0,32.0,,,332
Chad,7701,,194.0,,4874.0,,2633.0,,442.0,11,191341.0,10988.0,17413580.0,Africa,2261.0,89761.0,91.0,,,151
British Virgin Islands,7392,,64.0,,,,,,241600.0,2092,107339.0,3508269.0,30596.0,North America,4.0,478.0,0.0,,,3236
Cook Islands,7203,,2.0,,7150.0,,51.0,,409937.0,114,19690.0,1120596.0,17571.0,Australia/Oceania,2.0,8786.0,1.0,,,2903
Sao Tome and Principe,6752,,80.0,,6672.0,,0.0,,29656.0,351,29600.0,130008.0,227679.0,Africa,34.0,2846.0,8.0,,,
Turks and Caicos,6749,,40.0,,6699.0,,10.0,4.0,169825.0,1007,616698.0,15517929.0,39741.0,North America,6.0,994.0,0.0,,,252
Saint Kitts and Nevis,6607,,48.0,,6559.0,,0.0,,122645.0,891,126958.0,2356704.0,53871.0,North America,8.0,1122.0,0.0,,,
Palau,6279,,10.0,,6268.0,,1.0,,344376.0,548,71280.0,3909395.0,18233.0,Australia/Oceania,3.0,1823.0,0.0,,,55
St. Barth,5507,,6.0,,,,,,553746.0,603,78646.0,7908095.0,9945.0,North America,2.0,1658.0,0.0,,,506687
Nauru,5393,,1.0,,5347.0,,45.0,,494635.0,92,20509.0,1881042.0,10903.0,Australia/Oceania,2.0,10903.0,1.0,,,4127
Kiribati,5085,,24.0,,2703.0,,2358.0,3.0,41201.0,194,,,123419.0,Australia/Oceania,24.0,5142.0,,,,19106
Anguilla,3904,,12.0,,,,,,256336.0,788,51382.0,3373736.0,15230.0,North America,4.0,1269.0,0.0,,,854
Wallis and Futuna,3550,,8.0,,438.0,,3104.0,,323256.0,728,20508.0,1867419.0,10982.0,Australia/Oceania,3.0,1373.0,1.0,,,282644
Saint Pierre Miquelon,3452,,2.0,,2449.0,,1001.0,,599410.0,347,25400.0,4410488.0,5759.0,North America,2.0,2880.0,0.0,,,173815
Tuvalu,2943,,1.0,,,,,,243909.0,83,,,12066.0,Australia/Oceania,4.0,12066.0,,,,243826
Saint Helena,2166,,,,2.0,,2164.0,,354211.0,,,,6115.0,Africa,3.0,,,,,353884
Falkland Islands,1930,,,,1930.0,,0.0,,545352.0,,8632.0,2439107.0,3539.0,South America,2.0,,0.0,,,
Montserrat,1403,,8.0,,1376.0,,19.0,,282578.0,1611,17762.0,3577442.0,4965.0,North America,4.0,621.0,0.0,,,3827
Niue,1059,,,,1056.0,,3.0,,652898.0,,,,1622.0,Australia/Oceania,2.0,,,,,1850
Diamond Princess,712,,13.0,,699.0,,0.0,,,,,,,,,,,,,
Tokelau,80,,,,,,80.0,,58055.0,,,,1378.0,Australia/Oceania,17.0,,,,,58055
Vatican City,29,,,,29.0,,0.0,,36295.0,,,,799.0,Europe,28.0,,,,,
Western Sahara,10,,1.0,,9.0,,0.0,,16.0,2,,,626161.0,Africa,62616.0,626161.0,,,,
MS Zaandam,9,,2.0,,7.0,,0.0,,,,,,,,,,,,,
China,503302,,5272.0,,379053.0,,118977.0,,347.0,4,160000000.0,110461.0,1448471400.0,Asia,2878.0,274748.0,9.0,,,82
